<contactes>
	<contacte>
		<data>18/10/2024</data>
		<nom>Mònica Garrido</nom>
		<email>toniaguilar_bcn@hotmail.com</email>
		<telefon></telefon>
		<assumpte>34 anys després></assumpte>
		<missatge>áà missatÀ 'ostia</missatge>
	</contacte>
	<contacte>
		<data>18/10/2024</data>
		<nom>Toni Aguilar</nom>
		<email>oskar.rp2305@gmail.com</email>
		<telefon>600600600</telefon>
		<assumpte>alguna cosa més></assumpte>
		<missatge>Lorem ipsum dolor sit amet, consectetur adipiscing elit. In
			a sem sit amet justo porttitor maximus ut nec velit. Etiam augue
			nulla, auctor placerat lorem vel, semper pretium nulla. Ut vitae mi
			vitae est elementum ornare. Mauris a risus id libero fermentum
			blandit. Phasellus ut laoreet eros. Vivamus id orci non libero
			eleifend viverra. Donec consectetur in quam in ultricies. Sed auctor
			ac ipsum eu rhoncus. Cras euismod eu urna vitae molestie.
		</missatge>
	</contacte>
	<contacte>
		<data>18/10/2024</data>
		<nom>Mònica Garrido</nom>
		<email>mgarri@gmail.com</email>
		<telefon>600601602</telefon>
		<assumpte>alguna cosa més></assumpte>
		<missatge>Lorem ipsum dolor sit amet, consectetur adipiscing elit. In
			a sem sit amet justo porttitor maximus ut nec velit. Etiam augue
			nulla, auctor placerat lorem vel, semper pretium nulla. Ut vitae mi
			vitae est elementum ornare. Mauris a risus id libero fermentum
			blandit. Phasellus ut laoreet eros. Vivamus id orci non libero
			eleifend viverra. Donec consectetur in quam in ultricies. Sed auctor
			ac ipsum eu rhoncus. Cras euismod eu urna vitae molestie.
		</missatge>
	</contacte>
	<contacte>
		<data>18/10/2024</data>
		<nom>Toni Aguilar</nom>
		<email>toniaguilar_bcn@hotmail.com</email>
		<telefon></telefon>
		<assumpte>alguna cosa més></assumpte>
		<missatge>Lorem ipsum dolor sit amet, consectetur adipiscing elit. In
			a sem sit amet justo porttitor maximus ut nec velit. Etiam augue
			nulla, auctor placerat lorem vel, semper pretium nulla. Ut vitae mi
			vitae est elementum ornare. Mauris a risus id libero fermentum
			blandit. Phasellus ut laoreet eros. Vivamus id orci non libero
			eleifend viverra. Donec consectetur in quam in ultricies. Sed auctor
			ac ipsum eu rhoncus. Cras euismod eu urna vitae molestie.

			Vivamus
			risus dolor, ornare at cursus in, dignissim tempor justo. Vestibulum
			eleifend lacus tortor, eget maximus metus vehicula et. Nam aliquam
			orci lorem, non maximus magna auctor at. Mauris condimentum, nisl et
			egestas pretium, felis nisi interdum risus, eu placerat nulla massa
			et ante. Integer aliquet lobortis commodo. Nullam rhoncus, dui id
			condimentum cursus, magna urna sollicitudin mauris, venenatis
			tincidunt tortor massa in ligula. Ut et risus quis est ultricies
			semper. Maecenas sed luctus ex. Nunc volutpat varius nulla, et
			tristique nibh congue at. Vestibulum gravida sodales diam, et
			fermentum lacus laoreet blandit. Etiam dapibus et sapien eget
			viverra.
		</missatge>
	</contacte>
	<contacte>
		<data>26/11/2024</data>
		<nom>Toni Aguilar</nom>
		<email>toniaguilar_bcn@hotmail.com</email>
		<telefon>600500851</telefon>
		<assumpte>34 anys després></assumpte>
		<missatge>algo</missatge>
	</contacte>
	<contacte>
		<data>
			13/12/2024
		</data>
		<nom>JUAN ANTONIO AGUILAR AMO</nom>
		<email>toniaguilar_bcn@yahoo.es</email>
		<telefon>600500851</telefon>
		<assumpte>No és res en expecial></assumpte>
		<missatge>aserfase asdfasdf</missatge>
	</contacte>
</contactes>